contributors__index_,contributors__rid_,contributors__val_
0,R_827b781eb37a4c358cf288a1b3bda315,Aldren
1,R_827b781eb37a4c358cf288a1b3bda315,Geir Arne
2,R_827b781eb37a4c358cf288a1b3bda315,Jaya
3,R_827b781eb37a4c358cf288a1b3bda315,Joanna
4,R_827b781eb37a4c358cf288a1b3bda315,Mike
0,R_88f3696e31814b95864be8c3d4f48567,Aldren
1,R_88f3696e31814b95864be8c3d4f48567,Geir Arne
2,R_88f3696e31814b95864be8c3d4f48567,Jaya
3,R_88f3696e31814b95864be8c3d4f48567,Joanna
4,R_88f3696e31814b95864be8c3d4f48567,Mike
